images,message_files
scan_1.png,message_1.txt
scan_10.png,message_10.txt
scan_100.png,message_100.txt
scan_1000.png,message_1000.txt
scan_1001.png,message_1001.txt
scan_1002.png,message_1002.txt
scan_1003.png,message_1003.txt
scan_1004.png,message_1004.txt
scan_1005.png,message_1005.txt
scan_1006.png,message_1006.txt
scan_1007.png,message_1007.txt
scan_1008.png,message_1008.txt
scan_1009.png,message_1009.txt
scan_101.png,message_101.txt
scan_1010.png,message_1010.txt
scan_1011.png,message_1011.txt
scan_1012.png,message_1012.txt
scan_1013.png,message_1013.txt
scan_1014.png,message_1014.txt
scan_1015.png,message_1015.txt
scan_1016.png,message_1016.txt
scan_1017.png,message_1017.txt
scan_1018.png,message_1018.txt
scan_1019.png,message_1019.txt
scan_102.png,message_102.txt
scan_1020.png,message_1020.txt
scan_1021.png,message_1021.txt
scan_1022.png,message_1022.txt
scan_1023.png,message_1023.txt
scan_1024.png,message_1024.txt
scan_1025.png,message_1025.txt
scan_1026.png,message_1026.txt
scan_1027.png,message_1027.txt
scan_1028.png,message_1028.txt
scan_1029.png,message_1029.txt
scan_103.png,message_103.txt
scan_1030.png,message_1030.txt
scan_1031.png,message_1031.txt
scan_1032.png,message_1032.txt
scan_1033.png,message_1033.txt
scan_1034.png,message_1034.txt
scan_1035.png,message_1035.txt
scan_1036.png,message_1036.txt
scan_1037.png,message_1037.txt
scan_1038.png,message_1038.txt
scan_1039.png,message_1039.txt
scan_104.png,message_104.txt
scan_1040.png,message_1040.txt
scan_1041.png,message_1041.txt
scan_1042.png,message_1042.txt
scan_1043.png,message_1043.txt
scan_1044.png,message_1044.txt
scan_1045.png,message_1045.txt
scan_1046.png,message_1046.txt
scan_1047.png,message_1047.txt
scan_1048.png,message_1048.txt
scan_1049.png,message_1049.txt
scan_105.png,message_105.txt
scan_1050.png,message_1050.txt
scan_1051.png,message_1051.txt
scan_1052.png,message_1052.txt
scan_1053.png,message_1053.txt
scan_1054.png,message_1054.txt
scan_1055.png,message_1055.txt
scan_1056.png,message_1056.txt
scan_1057.png,message_1057.txt
scan_1058.png,message_1058.txt
scan_1059.png,message_1059.txt
scan_106.png,message_106.txt
scan_1060.png,message_1060.txt
scan_1061.png,message_1061.txt
scan_1062.png,message_1062.txt
scan_1063.png,message_1063.txt
scan_1064.png,message_1064.txt
scan_1065.png,message_1065.txt
scan_1066.png,message_1066.txt
scan_1067.png,message_1067.txt
scan_1068.png,message_1068.txt
scan_1069.png,message_1069.txt
scan_107.png,message_107.txt
scan_1070.png,message_1070.txt
scan_1071.png,message_1071.txt
scan_1072.png,message_1072.txt
scan_1073.png,message_1073.txt
scan_1074.png,message_1074.txt
scan_1075.png,message_1075.txt
scan_1076.png,message_1076.txt
scan_1077.png,message_1077.txt
scan_1078.png,message_1078.txt
scan_1079.png,message_1079.txt
scan_108.png,message_108.txt
scan_1080.png,message_1080.txt
scan_1081.png,message_1081.txt
scan_1082.png,message_1082.txt
scan_1083.png,message_1083.txt
scan_1084.png,message_1084.txt
scan_1085.png,message_1085.txt
scan_1086.png,message_1086.txt
scan_1087.png,message_1087.txt
scan_1088.png,message_1088.txt
scan_1089.png,message_1089.txt
scan_109.png,message_109.txt
scan_1090.png,message_1090.txt
scan_1091.png,message_1091.txt
scan_1092.png,message_1092.txt
scan_1093.png,message_1093.txt
scan_1094.png,message_1094.txt
scan_1095.png,message_1095.txt
scan_1096.png,message_1096.txt
scan_1097.png,message_1097.txt
scan_1098.png,message_1098.txt
scan_1099.png,message_1099.txt
scan_11.png,message_11.txt
scan_110.png,message_110.txt
scan_1100.png,message_1100.txt
scan_1101.png,message_1101.txt
scan_1102.png,message_1102.txt
scan_1103.png,message_1103.txt
scan_1104.png,message_1104.txt
scan_1105.png,message_1105.txt
scan_1106.png,message_1106.txt
scan_1107.png,message_1107.txt
scan_1108.png,message_1108.txt
scan_1109.png,message_1109.txt
scan_111.png,message_111.txt
scan_1110.png,message_1110.txt
scan_1111.png,message_1111.txt
scan_1112.png,message_1112.txt
scan_1113.png,message_1113.txt
scan_1114.png,message_1114.txt
scan_1115.png,message_1115.txt
scan_1116.png,message_1116.txt
scan_1117.png,message_1117.txt
scan_1118.png,message_1118.txt
scan_1119.png,message_1119.txt
scan_112.png,message_112.txt
scan_1120.png,message_1120.txt
scan_1121.png,message_1121.txt
scan_1122.png,message_1122.txt
scan_1123.png,message_1123.txt
scan_1124.png,message_1124.txt
scan_1125.png,message_1125.txt
scan_1126.png,message_1126.txt
scan_1127.png,message_1127.txt
scan_1128.png,message_1128.txt
scan_1129.png,message_1129.txt
scan_113.png,message_113.txt
scan_1130.png,message_1130.txt
scan_1131.png,message_1131.txt
scan_1132.png,message_1132.txt
scan_1133.png,message_1133.txt
scan_1134.png,message_1134.txt
scan_1135.png,message_1135.txt
scan_1136.png,message_1136.txt
scan_1137.png,message_1137.txt
scan_1138.png,message_1138.txt
scan_1139.png,message_1139.txt
scan_114.png,message_114.txt
scan_1140.png,message_1140.txt
scan_1141.png,message_1141.txt
scan_1142.png,message_1142.txt
scan_1143.png,message_1143.txt
scan_1144.png,message_1144.txt
scan_1145.png,message_1145.txt
scan_1146.png,message_1146.txt
scan_1147.png,message_1147.txt
scan_1148.png,message_1148.txt
scan_1149.png,message_1149.txt
scan_115.png,message_115.txt
scan_1150.png,message_1150.txt
scan_1151.png,message_1151.txt
scan_1152.png,message_1152.txt
scan_1153.png,message_1153.txt
scan_1154.png,message_1154.txt
scan_1155.png,message_1155.txt
scan_1156.png,message_1156.txt
scan_1157.png,message_1157.txt
scan_1158.png,message_1158.txt
scan_1159.png,message_1159.txt
scan_116.png,message_116.txt
scan_1160.png,message_1160.txt
scan_1161.png,message_1161.txt
scan_1162.png,message_1162.txt
scan_1163.png,message_1163.txt
scan_1164.png,message_1164.txt
scan_1165.png,message_1165.txt
scan_1166.png,message_1166.txt
scan_1167.png,message_1167.txt
scan_1168.png,message_1168.txt
scan_1169.png,message_1169.txt
scan_117.png,message_117.txt
scan_1170.png,message_1170.txt
scan_1171.png,message_1171.txt
scan_1172.png,message_1172.txt
scan_1173.png,message_1173.txt
scan_1174.png,message_1174.txt
scan_1175.png,message_1175.txt
scan_1176.png,message_1176.txt
scan_1177.png,message_1177.txt
scan_1178.png,message_1178.txt
scan_118.png,message_118.txt
scan_119.png,message_119.txt
scan_12.png,message_12.txt
scan_120.png,message_120.txt
scan_121.png,message_121.txt
scan_122.png,message_122.txt
scan_123.png,message_123.txt
scan_124.png,message_124.txt
scan_125.png,message_125.txt
scan_126.png,message_126.txt
scan_127.png,message_127.txt
scan_128.png,message_128.txt
scan_129.png,message_129.txt
scan_13.png,message_13.txt
scan_130.png,message_130.txt
scan_131.png,message_131.txt
scan_132.png,message_132.txt
scan_133.png,message_133.txt
scan_134.png,message_134.txt
scan_135.png,message_135.txt
scan_136.png,message_136.txt
scan_137.png,message_137.txt
scan_138.png,message_138.txt
scan_139.png,message_139.txt
scan_14.png,message_14.txt
scan_140.png,message_140.txt
scan_141.png,message_141.txt
scan_142.png,message_142.txt
scan_143.png,message_143.txt
scan_144.png,message_144.txt
scan_145.png,message_145.txt
scan_146.png,message_146.txt
scan_147.png,message_147.txt
scan_148.png,message_148.txt
scan_149.png,message_149.txt
scan_15.png,message_15.txt
scan_150.png,message_150.txt
scan_151.png,message_151.txt
scan_152.png,message_152.txt
scan_153.png,message_153.txt
scan_154.png,message_154.txt
scan_155.png,message_155.txt
scan_156.png,message_156.txt
scan_157.png,message_157.txt
scan_158.png,message_158.txt
scan_159.png,message_159.txt
scan_16.png,message_16.txt
scan_160.png,message_160.txt
scan_161.png,message_161.txt
scan_162.png,message_162.txt
scan_163.png,message_163.txt
scan_164.png,message_164.txt
scan_165.png,message_165.txt
scan_166.png,message_166.txt
scan_167.png,message_167.txt
scan_168.png,message_168.txt
scan_169.png,message_169.txt
scan_17.png,message_17.txt
scan_170.png,message_170.txt
scan_171.png,message_171.txt
scan_172.png,message_172.txt
scan_173.png,message_173.txt
scan_174.png,message_174.txt
scan_175.png,message_175.txt
scan_176.png,message_176.txt
scan_177.png,message_177.txt
scan_178.png,message_178.txt
scan_179.png,message_179.txt
scan_18.png,message_18.txt
scan_180.png,message_180.txt
scan_181.png,message_181.txt
scan_182.png,message_182.txt
scan_183.png,message_183.txt
scan_184.png,message_184.txt
scan_185.png,message_185.txt
scan_186.png,message_186.txt
scan_187.png,message_187.txt
scan_188.png,message_188.txt
scan_189.png,message_189.txt
scan_19.png,message_19.txt
scan_190.png,message_190.txt
scan_191.png,message_191.txt
scan_192.png,message_192.txt
scan_193.png,message_193.txt
scan_194.png,message_194.txt
scan_195.png,message_195.txt
scan_196.png,message_196.txt
scan_197.png,message_197.txt
scan_198.png,message_198.txt
scan_199.png,message_199.txt
scan_2.png,message_2.txt
scan_20.png,message_20.txt
scan_200.png,message_200.txt
scan_201.png,message_201.txt
scan_202.png,message_202.txt
scan_203.png,message_203.txt
scan_204.png,message_204.txt
scan_205.png,message_205.txt
scan_206.png,message_206.txt
scan_207.png,message_207.txt
scan_208.png,message_208.txt
scan_209.png,message_209.txt
scan_21.png,message_21.txt
scan_210.png,message_210.txt
scan_211.png,message_211.txt
scan_212.png,message_212.txt
scan_213.png,message_213.txt
scan_214.png,message_214.txt
scan_215.png,message_215.txt
scan_216.png,message_216.txt
scan_217.png,message_217.txt
scan_218.png,message_218.txt
scan_219.png,message_219.txt
scan_22.png,message_22.txt
scan_220.png,message_220.txt
scan_221.png,message_221.txt
scan_222.png,message_222.txt
scan_223.png,message_223.txt
scan_224.png,message_224.txt
scan_225.png,message_225.txt
scan_226.png,message_226.txt
scan_227.png,message_227.txt
scan_228.png,message_228.txt
scan_229.png,message_229.txt
scan_23.png,message_23.txt
scan_230.png,message_230.txt
scan_231.png,message_231.txt
scan_232.png,message_232.txt
scan_233.png,message_233.txt
scan_234.png,message_234.txt
scan_235.png,message_235.txt
scan_236.png,message_236.txt
scan_237.png,message_237.txt
scan_238.png,message_238.txt
scan_239.png,message_239.txt
scan_24.png,message_24.txt
scan_240.png,message_240.txt
scan_241.png,message_241.txt
scan_242.png,message_242.txt
scan_243.png,message_243.txt
scan_244.png,message_244.txt
scan_245.png,message_245.txt
scan_246.png,message_246.txt
scan_247.png,message_247.txt
scan_248.png,message_248.txt
scan_249.png,message_249.txt
scan_25.png,message_25.txt
scan_250.png,message_250.txt
scan_251.png,message_251.txt
scan_252.png,message_252.txt
scan_253.png,message_253.txt
scan_254.png,message_254.txt
scan_255.png,message_255.txt
scan_256.png,message_256.txt
scan_257.png,message_257.txt
scan_258.png,message_258.txt
scan_259.png,message_259.txt
scan_26.png,message_26.txt
scan_260.png,message_260.txt
scan_261.png,message_261.txt
scan_262.png,message_262.txt
scan_263.png,message_263.txt
scan_264.png,message_264.txt
scan_265.png,message_265.txt
scan_266.png,message_266.txt
scan_267.png,message_267.txt
scan_268.png,message_268.txt
scan_269.png,message_269.txt
scan_27.png,message_27.txt
scan_270.png,message_270.txt
scan_271.png,message_271.txt
scan_272.png,message_272.txt
scan_273.png,message_273.txt
scan_274.png,message_274.txt
scan_275.png,message_275.txt
scan_276.png,message_276.txt
scan_277.png,message_277.txt
scan_278.png,message_278.txt
scan_279.png,message_279.txt
scan_28.png,message_28.txt
scan_280.png,message_280.txt
scan_281.png,message_281.txt
scan_282.png,message_282.txt
scan_283.png,message_283.txt
scan_284.png,message_284.txt
scan_285.png,message_285.txt
scan_286.png,message_286.txt
scan_287.png,message_287.txt
scan_288.png,message_288.txt
scan_289.png,message_289.txt
scan_29.png,message_29.txt
scan_290.png,message_290.txt
scan_291.png,message_291.txt
scan_292.png,message_292.txt
scan_293.png,message_293.txt
scan_294.png,message_294.txt
scan_295.png,message_295.txt
scan_296.png,message_296.txt
scan_297.png,message_297.txt
scan_298.png,message_298.txt
scan_299.png,message_299.txt
scan_3.png,message_3.txt
scan_30.png,message_30.txt
scan_300.png,message_300.txt
scan_301.png,message_301.txt
scan_302.png,message_302.txt
scan_303.png,message_303.txt
scan_304.png,message_304.txt
scan_305.png,message_305.txt
scan_306.png,message_306.txt
scan_307.png,message_307.txt
scan_308.png,message_308.txt
scan_309.png,message_309.txt
scan_31.png,message_31.txt
scan_310.png,message_310.txt
scan_311.png,message_311.txt
scan_312.png,message_312.txt
scan_313.png,message_313.txt
scan_314.png,message_314.txt
scan_315.png,message_315.txt
scan_316.png,message_316.txt
scan_317.png,message_317.txt
scan_318.png,message_318.txt
scan_319.png,message_319.txt
scan_32.png,message_32.txt
scan_320.png,message_320.txt
scan_321.png,message_321.txt
scan_322.png,message_322.txt
scan_323.png,message_323.txt
scan_324.png,message_324.txt
scan_325.png,message_325.txt
scan_326.png,message_326.txt
scan_327.png,message_327.txt
scan_328.png,message_328.txt
scan_329.png,message_329.txt
scan_33.png,message_33.txt
scan_330.png,message_330.txt
scan_331.png,message_331.txt
scan_332.png,message_332.txt
scan_333.png,message_333.txt
scan_334.png,message_334.txt
scan_335.png,message_335.txt
scan_336.png,message_336.txt
scan_337.png,message_337.txt
scan_338.png,message_338.txt
scan_339.png,message_339.txt
scan_34.png,message_34.txt
scan_340.png,message_340.txt
scan_341.png,message_341.txt
scan_342.png,message_342.txt
scan_343.png,message_343.txt
scan_344.png,message_344.txt
scan_345.png,message_345.txt
scan_346.png,message_346.txt
scan_347.png,message_347.txt
scan_348.png,message_348.txt
scan_349.png,message_349.txt
scan_35.png,message_35.txt
scan_350.png,message_350.txt
scan_351.png,message_351.txt
scan_352.png,message_352.txt
scan_353.png,message_353.txt
scan_354.png,message_354.txt
scan_355.png,message_355.txt
scan_356.png,message_356.txt
scan_357.png,message_357.txt
scan_358.png,message_358.txt
scan_359.png,message_359.txt
scan_36.png,message_36.txt
scan_360.png,message_360.txt
scan_361.png,message_361.txt
scan_362.png,message_362.txt
scan_363.png,message_363.txt
scan_364.png,message_364.txt
scan_365.png,message_365.txt
scan_366.png,message_366.txt
scan_367.png,message_367.txt
scan_368.png,message_368.txt
scan_369.png,message_369.txt
scan_37.png,message_37.txt
scan_370.png,message_370.txt
scan_371.png,message_371.txt
scan_372.png,message_372.txt
scan_373.png,message_373.txt
scan_374.png,message_374.txt
scan_375.png,message_375.txt
scan_376.png,message_376.txt
scan_377.png,message_377.txt
scan_378.png,message_378.txt
scan_379.png,message_379.txt
scan_38.png,message_38.txt
scan_380.png,message_380.txt
scan_381.png,message_381.txt
scan_382.png,message_382.txt
scan_383.png,message_383.txt
scan_384.png,message_384.txt
scan_385.png,message_385.txt
scan_386.png,message_386.txt
scan_387.png,message_387.txt
scan_388.png,message_388.txt
scan_389.png,message_389.txt
scan_39.png,message_39.txt
scan_390.png,message_390.txt
scan_391.png,message_391.txt
scan_392.png,message_392.txt
scan_393.png,message_393.txt
scan_394.png,message_394.txt
scan_395.png,message_395.txt
scan_396.png,message_396.txt
scan_397.png,message_397.txt
scan_398.png,message_398.txt
scan_399.png,message_399.txt
scan_4.png,message_4.txt
scan_40.png,message_40.txt
scan_400.png,message_400.txt
scan_401.png,message_401.txt
scan_402.png,message_402.txt
scan_403.png,message_403.txt
scan_404.png,message_404.txt
scan_405.png,message_405.txt
scan_406.png,message_406.txt
scan_407.png,message_407.txt
scan_408.png,message_408.txt
scan_409.png,message_409.txt
scan_41.png,message_41.txt
scan_410.png,message_410.txt
scan_411.png,message_411.txt
scan_412.png,message_412.txt
scan_413.png,message_413.txt
scan_414.png,message_414.txt
scan_415.png,message_415.txt
scan_416.png,message_416.txt
scan_417.png,message_417.txt
scan_418.png,message_418.txt
scan_419.png,message_419.txt
scan_42.png,message_42.txt
scan_420.png,message_420.txt
scan_421.png,message_421.txt
scan_422.png,message_422.txt
scan_423.png,message_423.txt
scan_424.png,message_424.txt
scan_425.png,message_425.txt
scan_426.png,message_426.txt
scan_427.png,message_427.txt
scan_428.png,message_428.txt
scan_429.png,message_429.txt
scan_43.png,message_43.txt
scan_430.png,message_430.txt
scan_431.png,message_431.txt
scan_432.png,message_432.txt
scan_433.png,message_433.txt
scan_434.png,message_434.txt
scan_435.png,message_435.txt
scan_436.png,message_436.txt
scan_437.png,message_437.txt
scan_438.png,message_438.txt
scan_439.png,message_439.txt
scan_44.png,message_44.txt
scan_440.png,message_440.txt
scan_441.png,message_441.txt
scan_442.png,message_442.txt
scan_443.png,message_443.txt
scan_444.png,message_444.txt
scan_445.png,message_445.txt
scan_446.png,message_446.txt
scan_447.png,message_447.txt
scan_448.png,message_448.txt
scan_449.png,message_449.txt
scan_45.png,message_45.txt
scan_450.png,message_450.txt
scan_451.png,message_451.txt
scan_452.png,message_452.txt
scan_453.png,message_453.txt
scan_454.png,message_454.txt
scan_455.png,message_455.txt
scan_456.png,message_456.txt
scan_457.png,message_457.txt
scan_458.png,message_458.txt
scan_459.png,message_459.txt
scan_46.png,message_46.txt
scan_460.png,message_460.txt
scan_461.png,message_461.txt
scan_462.png,message_462.txt
scan_463.png,message_463.txt
scan_464.png,message_464.txt
scan_465.png,message_465.txt
scan_466.png,message_466.txt
scan_467.png,message_467.txt
scan_468.png,message_468.txt
scan_469.png,message_469.txt
scan_47.png,message_47.txt
scan_470.png,message_470.txt
scan_471.png,message_471.txt
scan_472.png,message_472.txt
scan_473.png,message_473.txt
scan_474.png,message_474.txt
scan_475.png,message_475.txt
scan_476.png,message_476.txt
scan_477.png,message_477.txt
scan_478.png,message_478.txt
scan_479.png,message_479.txt
scan_48.png,message_48.txt
scan_480.png,message_480.txt
scan_481.png,message_481.txt
scan_482.png,message_482.txt
scan_483.png,message_483.txt
scan_484.png,message_484.txt
scan_485.png,message_485.txt
scan_486.png,message_486.txt
scan_487.png,message_487.txt
scan_488.png,message_488.txt
scan_489.png,message_489.txt
scan_49.png,message_49.txt
scan_490.png,message_490.txt
scan_491.png,message_491.txt
scan_492.png,message_492.txt
scan_493.png,message_493.txt
scan_494.png,message_494.txt
scan_495.png,message_495.txt
scan_496.png,message_496.txt
scan_497.png,message_497.txt
scan_498.png,message_498.txt
scan_499.png,message_499.txt
scan_5.png,message_5.txt
scan_50.png,message_50.txt
scan_500.png,message_500.txt
scan_501.png,message_501.txt
scan_502.png,message_502.txt
scan_503.png,message_503.txt
scan_504.png,message_504.txt
scan_505.png,message_505.txt
scan_506.png,message_506.txt
scan_507.png,message_507.txt
scan_508.png,message_508.txt
scan_509.png,message_509.txt
scan_51.png,message_51.txt
scan_510.png,message_510.txt
scan_511.png,message_511.txt
scan_512.png,message_512.txt
scan_513.png,message_513.txt
scan_514.png,message_514.txt
scan_515.png,message_515.txt
scan_516.png,message_516.txt
scan_517.png,message_517.txt
scan_518.png,message_518.txt
scan_519.png,message_519.txt
scan_52.png,message_52.txt
scan_520.png,message_520.txt
scan_521.png,message_521.txt
scan_522.png,message_522.txt
scan_523.png,message_523.txt
scan_524.png,message_524.txt
scan_525.png,message_525.txt
scan_526.png,message_526.txt
scan_527.png,message_527.txt
scan_528.png,message_528.txt
scan_529.png,message_529.txt
scan_53.png,message_53.txt
scan_530.png,message_530.txt
scan_531.png,message_531.txt
scan_532.png,message_532.txt
scan_533.png,message_533.txt
scan_534.png,message_534.txt
scan_535.png,message_535.txt
scan_536.png,message_536.txt
scan_537.png,message_537.txt
scan_538.png,message_538.txt
scan_539.png,message_539.txt
scan_54.png,message_54.txt
scan_540.png,message_540.txt
scan_541.png,message_541.txt
scan_542.png,message_542.txt
scan_543.png,message_543.txt
scan_544.png,message_544.txt
scan_545.png,message_545.txt
scan_546.png,message_546.txt
scan_547.png,message_547.txt
scan_548.png,message_548.txt
scan_549.png,message_549.txt
scan_55.png,message_55.txt
scan_550.png,message_550.txt
scan_551.png,message_551.txt
scan_552.png,message_552.txt
scan_553.png,message_553.txt
scan_554.png,message_554.txt
scan_555.png,message_555.txt
scan_556.png,message_556.txt
scan_557.png,message_557.txt
scan_558.png,message_558.txt
scan_559.png,message_559.txt
scan_56.png,message_56.txt
scan_560.png,message_560.txt
scan_561.png,message_561.txt
scan_562.png,message_562.txt
scan_563.png,message_563.txt
scan_564.png,message_564.txt
scan_565.png,message_565.txt
scan_566.png,message_566.txt
scan_567.png,message_567.txt
scan_568.png,message_568.txt
scan_569.png,message_569.txt
scan_57.png,message_57.txt
scan_570.png,message_570.txt
scan_571.png,message_571.txt
scan_572.png,message_572.txt
scan_573.png,message_573.txt
scan_574.png,message_574.txt
scan_575.png,message_575.txt
scan_576.png,message_576.txt
scan_577.png,message_577.txt
scan_578.png,message_578.txt
scan_579.png,message_579.txt
scan_58.png,message_58.txt
scan_580.png,message_580.txt
scan_581.png,message_581.txt
scan_582.png,message_582.txt
scan_583.png,message_583.txt
scan_584.png,message_584.txt
scan_585.png,message_585.txt
scan_586.png,message_586.txt
scan_587.png,message_587.txt
scan_588.png,message_588.txt
scan_589.png,message_589.txt
scan_59.png,message_59.txt
scan_590.png,message_590.txt
scan_591.png,message_591.txt
scan_592.png,message_592.txt
scan_593.png,message_593.txt
scan_594.png,message_594.txt
scan_595.png,message_595.txt
scan_596.png,message_596.txt
scan_597.png,message_597.txt
scan_598.png,message_598.txt
scan_599.png,message_599.txt
scan_6.png,message_6.txt
scan_60.png,message_60.txt
scan_600.png,message_600.txt
scan_601.png,message_601.txt
scan_602.png,message_602.txt
scan_603.png,message_603.txt
scan_604.png,message_604.txt
scan_605.png,message_605.txt
scan_606.png,message_606.txt
scan_607.png,message_607.txt
scan_608.png,message_608.txt
scan_609.png,message_609.txt
scan_61.png,message_61.txt
scan_610.png,message_610.txt
scan_611.png,message_611.txt
scan_612.png,message_612.txt
scan_613.png,message_613.txt
scan_614.png,message_614.txt
scan_615.png,message_615.txt
scan_616.png,message_616.txt
scan_617.png,message_617.txt
scan_618.png,message_618.txt
scan_619.png,message_619.txt
scan_62.png,message_62.txt
scan_620.png,message_620.txt
scan_621.png,message_621.txt
scan_622.png,message_622.txt
scan_623.png,message_623.txt
scan_624.png,message_624.txt
scan_625.png,message_625.txt
scan_626.png,message_626.txt
scan_627.png,message_627.txt
scan_628.png,message_628.txt
scan_629.png,message_629.txt
scan_63.png,message_63.txt
scan_630.png,message_630.txt
scan_631.png,message_631.txt
scan_632.png,message_632.txt
scan_633.png,message_633.txt
scan_634.png,message_634.txt
scan_635.png,message_635.txt
scan_636.png,message_636.txt
scan_637.png,message_637.txt
scan_638.png,message_638.txt
scan_639.png,message_639.txt
scan_64.png,message_64.txt
scan_640.png,message_640.txt
scan_641.png,message_641.txt
scan_642.png,message_642.txt
scan_643.png,message_643.txt
scan_644.png,message_644.txt
scan_645.png,message_645.txt
scan_646.png,message_646.txt
scan_647.png,message_647.txt
scan_648.png,message_648.txt
scan_649.png,message_649.txt
scan_65.png,message_65.txt
scan_650.png,message_650.txt
scan_651.png,message_651.txt
scan_652.png,message_652.txt
scan_653.png,message_653.txt
scan_654.png,message_654.txt
scan_655.png,message_655.txt
scan_656.png,message_656.txt
scan_657.png,message_657.txt
scan_658.png,message_658.txt
scan_659.png,message_659.txt
scan_66.png,message_66.txt
scan_660.png,message_660.txt
scan_661.png,message_661.txt
scan_662.png,message_662.txt
scan_663.png,message_663.txt
scan_664.png,message_664.txt
scan_665.png,message_665.txt
scan_666.png,message_666.txt
scan_667.png,message_667.txt
scan_668.png,message_668.txt
scan_669.png,message_669.txt
scan_67.png,message_67.txt
scan_670.png,message_670.txt
scan_671.png,message_671.txt
scan_672.png,message_672.txt
scan_673.png,message_673.txt
scan_674.png,message_674.txt
scan_675.png,message_675.txt
scan_676.png,message_676.txt
scan_677.png,message_677.txt
scan_678.png,message_678.txt
scan_679.png,message_679.txt
scan_68.png,message_68.txt
scan_680.png,message_680.txt
scan_681.png,message_681.txt
scan_682.png,message_682.txt
scan_683.png,message_683.txt
scan_684.png,message_684.txt
scan_685.png,message_685.txt
scan_686.png,message_686.txt
scan_687.png,message_687.txt
scan_688.png,message_688.txt
scan_689.png,message_689.txt
scan_69.png,message_69.txt
scan_690.png,message_690.txt
scan_691.png,message_691.txt
scan_692.png,message_692.txt
scan_693.png,message_693.txt
scan_694.png,message_694.txt
scan_695.png,message_695.txt
scan_696.png,message_696.txt
scan_697.png,message_697.txt
scan_698.png,message_698.txt
scan_699.png,message_699.txt
scan_7.png,message_7.txt
scan_70.png,message_70.txt
scan_700.png,message_700.txt
scan_701.png,message_701.txt
scan_702.png,message_702.txt
scan_703.png,message_703.txt
scan_704.png,message_704.txt
scan_705.png,message_705.txt
scan_706.png,message_706.txt
scan_707.png,message_707.txt
scan_708.png,message_708.txt
scan_709.png,message_709.txt
scan_71.png,message_71.txt
scan_710.png,message_710.txt
scan_711.png,message_711.txt
scan_712.png,message_712.txt
scan_713.png,message_713.txt
scan_714.png,message_714.txt
scan_715.png,message_715.txt
scan_716.png,message_716.txt
scan_717.png,message_717.txt
scan_718.png,message_718.txt
scan_719.png,message_719.txt
scan_72.png,message_72.txt
scan_720.png,message_720.txt
scan_721.png,message_721.txt
scan_722.png,message_722.txt
scan_723.png,message_723.txt
scan_724.png,message_724.txt
scan_725.png,message_725.txt
scan_726.png,message_726.txt
scan_727.png,message_727.txt
scan_728.png,message_728.txt
scan_729.png,message_729.txt
scan_73.png,message_73.txt
scan_730.png,message_730.txt
scan_731.png,message_731.txt
scan_732.png,message_732.txt
scan_733.png,message_733.txt
scan_734.png,message_734.txt
scan_735.png,message_735.txt
scan_736.png,message_736.txt
scan_737.png,message_737.txt
scan_738.png,message_738.txt
scan_739.png,message_739.txt
scan_74.png,message_74.txt
scan_740.png,message_740.txt
scan_741.png,message_741.txt
scan_742.png,message_742.txt
scan_743.png,message_743.txt
scan_744.png,message_744.txt
scan_745.png,message_745.txt
scan_746.png,message_746.txt
scan_747.png,message_747.txt
scan_748.png,message_748.txt
scan_749.png,message_749.txt
scan_75.png,message_75.txt
scan_750.png,message_750.txt
scan_751.png,message_751.txt
scan_752.png,message_752.txt
scan_753.png,message_753.txt
scan_754.png,message_754.txt
scan_755.png,message_755.txt
scan_756.png,message_756.txt
scan_757.png,message_757.txt
scan_758.png,message_758.txt
scan_759.png,message_759.txt
scan_76.png,message_76.txt
scan_760.png,message_760.txt
scan_761.png,message_761.txt
scan_762.png,message_762.txt
scan_763.png,message_763.txt
scan_764.png,message_764.txt
scan_765.png,message_765.txt
scan_766.png,message_766.txt
scan_767.png,message_767.txt
scan_768.png,message_768.txt
scan_769.png,message_769.txt
scan_77.png,message_77.txt
scan_770.png,message_770.txt
scan_771.png,message_771.txt
scan_772.png,message_772.txt
scan_773.png,message_773.txt
scan_774.png,message_774.txt
scan_775.png,message_775.txt
scan_776.png,message_776.txt
scan_777.png,message_777.txt
scan_778.png,message_778.txt
scan_779.png,message_779.txt
scan_78.png,message_78.txt
scan_780.png,message_780.txt
scan_781.png,message_781.txt
scan_782.png,message_782.txt
scan_783.png,message_783.txt
scan_784.png,message_784.txt
scan_785.png,message_785.txt
scan_786.png,message_786.txt
scan_787.png,message_787.txt
scan_788.png,message_788.txt
scan_789.png,message_789.txt
scan_79.png,message_79.txt
scan_790.png,message_790.txt
scan_791.png,message_791.txt
scan_792.png,message_792.txt
scan_793.png,message_793.txt
scan_794.png,message_794.txt
scan_795.png,message_795.txt
scan_796.png,message_796.txt
scan_797.png,message_797.txt
scan_798.png,message_798.txt
scan_799.png,message_799.txt
scan_8.png,message_8.txt
scan_80.png,message_80.txt
scan_800.png,message_800.txt
scan_801.png,message_801.txt
scan_802.png,message_802.txt
scan_803.png,message_803.txt
scan_804.png,message_804.txt
scan_805.png,message_805.txt
scan_806.png,message_806.txt
scan_807.png,message_807.txt
scan_808.png,message_808.txt
scan_809.png,message_809.txt
scan_81.png,message_81.txt
scan_810.png,message_810.txt
scan_811.png,message_811.txt
scan_812.png,message_812.txt
scan_813.png,message_813.txt
scan_814.png,message_814.txt
scan_815.png,message_815.txt
scan_816.png,message_816.txt
scan_817.png,message_817.txt
scan_818.png,message_818.txt
scan_819.png,message_819.txt
scan_82.png,message_82.txt
scan_820.png,message_820.txt
scan_821.png,message_821.txt
scan_822.png,message_822.txt
scan_823.png,message_823.txt
scan_824.png,message_824.txt
scan_825.png,message_825.txt
scan_826.png,message_826.txt
scan_827.png,message_827.txt
scan_828.png,message_828.txt
scan_829.png,message_829.txt
scan_83.png,message_83.txt
scan_830.png,message_830.txt
scan_831.png,message_831.txt
scan_832.png,message_832.txt
scan_833.png,message_833.txt
scan_834.png,message_834.txt
scan_835.png,message_835.txt
scan_836.png,message_836.txt
scan_837.png,message_837.txt
scan_838.png,message_838.txt
scan_839.png,message_839.txt
scan_84.png,message_84.txt
scan_840.png,message_840.txt
scan_841.png,message_841.txt
scan_842.png,message_842.txt
scan_843.png,message_843.txt
scan_844.png,message_844.txt
scan_845.png,message_845.txt
scan_846.png,message_846.txt
scan_847.png,message_847.txt
scan_848.png,message_848.txt
scan_849.png,message_849.txt
scan_85.png,message_85.txt
scan_850.png,message_850.txt
scan_851.png,message_851.txt
scan_852.png,message_852.txt
scan_853.png,message_853.txt
scan_854.png,message_854.txt
scan_855.png,message_855.txt
scan_856.png,message_856.txt
scan_857.png,message_857.txt
scan_858.png,message_858.txt
scan_859.png,message_859.txt
scan_86.png,message_86.txt
scan_860.png,message_860.txt
scan_861.png,message_861.txt
scan_862.png,message_862.txt
scan_863.png,message_863.txt
scan_864.png,message_864.txt
scan_865.png,message_865.txt
scan_866.png,message_866.txt
scan_867.png,message_867.txt
scan_868.png,message_868.txt
scan_869.png,message_869.txt
scan_87.png,message_87.txt
scan_870.png,message_870.txt
scan_871.png,message_871.txt
scan_872.png,message_872.txt
scan_873.png,message_873.txt
scan_874.png,message_874.txt
scan_875.png,message_875.txt
scan_876.png,message_876.txt
scan_877.png,message_877.txt
scan_878.png,message_878.txt
scan_879.png,message_879.txt
scan_88.png,message_88.txt
scan_880.png,message_880.txt
scan_881.png,message_881.txt
scan_882.png,message_882.txt
scan_883.png,message_883.txt
scan_884.png,message_884.txt
scan_885.png,message_885.txt
scan_886.png,message_886.txt
scan_887.png,message_887.txt
scan_888.png,message_888.txt
scan_889.png,message_889.txt
scan_89.png,message_89.txt
scan_890.png,message_890.txt
scan_891.png,message_891.txt
scan_892.png,message_892.txt
scan_893.png,message_893.txt
scan_894.png,message_894.txt
scan_895.png,message_895.txt
scan_896.png,message_896.txt
scan_897.png,message_897.txt
scan_898.png,message_898.txt
scan_899.png,message_899.txt
scan_9.png,message_9.txt
scan_90.png,message_90.txt
scan_900.png,message_900.txt
scan_901.png,message_901.txt
scan_902.png,message_902.txt
scan_903.png,message_903.txt
scan_904.png,message_904.txt
scan_905.png,message_905.txt
scan_906.png,message_906.txt
scan_907.png,message_907.txt
scan_908.png,message_908.txt
scan_909.png,message_909.txt
scan_91.png,message_91.txt
scan_910.png,message_910.txt
scan_911.png,message_911.txt
scan_912.png,message_912.txt
scan_913.png,message_913.txt
scan_914.png,message_914.txt
scan_915.png,message_915.txt
scan_916.png,message_916.txt
scan_917.png,message_917.txt
scan_918.png,message_918.txt
scan_919.png,message_919.txt
scan_92.png,message_92.txt
scan_920.png,message_920.txt
scan_921.png,message_921.txt
scan_922.png,message_922.txt
scan_923.png,message_923.txt
scan_924.png,message_924.txt
scan_925.png,message_925.txt
scan_926.png,message_926.txt
scan_927.png,message_927.txt
scan_928.png,message_928.txt
scan_929.png,message_929.txt
scan_93.png,message_93.txt
scan_930.png,message_930.txt
scan_931.png,message_931.txt
scan_932.png,message_932.txt
scan_933.png,message_933.txt
scan_934.png,message_934.txt
scan_935.png,message_935.txt
scan_936.png,message_936.txt
scan_937.png,message_937.txt
scan_938.png,message_938.txt
scan_939.png,message_939.txt
scan_94.png,message_94.txt
scan_940.png,message_940.txt
scan_941.png,message_941.txt
scan_942.png,message_942.txt
scan_943.png,message_943.txt
scan_944.png,message_944.txt
scan_945.png,message_945.txt
scan_946.png,message_946.txt
scan_947.png,message_947.txt
scan_948.png,message_948.txt
scan_949.png,message_949.txt
scan_95.png,message_95.txt
scan_950.png,message_950.txt
scan_951.png,message_951.txt
scan_952.png,message_952.txt
scan_953.png,message_953.txt
scan_954.png,message_954.txt
scan_955.png,message_955.txt
scan_956.png,message_956.txt
scan_957.png,message_957.txt
scan_958.png,message_958.txt
scan_959.png,message_959.txt
scan_96.png,message_96.txt
scan_960.png,message_960.txt
scan_961.png,message_961.txt
scan_962.png,message_962.txt
scan_963.png,message_963.txt
scan_964.png,message_964.txt
scan_965.png,message_965.txt
scan_966.png,message_966.txt
scan_967.png,message_967.txt
scan_968.png,message_968.txt
scan_969.png,message_969.txt
scan_97.png,message_97.txt
scan_970.png,message_970.txt
scan_971.png,message_971.txt
scan_972.png,message_972.txt
scan_973.png,message_973.txt
scan_974.png,message_974.txt
scan_975.png,message_975.txt
scan_976.png,message_976.txt
scan_977.png,message_977.txt
scan_978.png,message_978.txt
scan_979.png,message_979.txt
scan_98.png,message_98.txt
scan_980.png,message_980.txt
scan_981.png,message_981.txt
scan_982.png,message_982.txt
scan_983.png,message_983.txt
scan_984.png,message_984.txt
scan_985.png,message_985.txt
scan_986.png,message_986.txt
scan_987.png,message_987.txt
scan_988.png,message_988.txt
scan_989.png,message_989.txt
scan_99.png,message_99.txt
scan_990.png,message_990.txt
scan_991.png,message_991.txt
scan_992.png,message_992.txt
scan_993.png,message_993.txt
scan_994.png,message_994.txt
scan_995.png,message_995.txt
scan_996.png,message_996.txt
scan_997.png,message_997.txt
scan_998.png,message_998.txt
scan_999.png,message_999.txt
